"","R..Trein","R..Val","REQM.Trein","REQM.Val","n.Fold","method","variable"
"K-Fold 1",0.219621997252565,0.188959693070267,3.07869713253595,2.53587170821321,"K-Fold 1","G-BLUP","1"
"K-Fold 2",0.233533712500721,0.122981464313539,3.04172615675385,2.8188264743812,"K-Fold 2","G-BLUP","1"
"K-Fold 3",0.21527057221803,0.204416423323733,3.06830340145874,2.64785519003843,"K-Fold 3","G-BLUP","1"
"K-Fold 4",0.271803558707868,0.0854104774471175,2.85195258230564,3.2893139138021,"K-Fold 4","G-BLUP","1"
"K-Fold 5",0.279630645576284,0.0588113393906032,2.70568849843934,3.82956725378313,"K-Fold 5","G-BLUP","1"
"Mean",0.243972097251094,0.132115879509052,2.9492735542987,3.02428690804361,"Mean","G-BLUP","1"
" SD",0.0298822150318487,0.0634369283241021,0.164522872153912,0.534130130343283," SD","G-BLUP","1"
"K-Fold 11",0.2941911754052,0.10344234733799,1.43472045543922,1.64531153723198,"K-Fold 1","G-BLUP","2"
"K-Fold 21",0.260349083622205,0.215363013531817,1.47545684333969,1.52146505548571,"K-Fold 2","G-BLUP","2"
"K-Fold 31",0.239762037590345,0.266652684623183,1.49539954589855,1.48636721612386,"K-Fold 3","G-BLUP","2"
"K-Fold 41",0.28057133299976,0.146372257164585,1.47044910541547,1.48554083122222,"K-Fold 4","G-BLUP","2"
"K-Fold 51",0.281480958383633,0.144968879763863,1.4508061440104,1.53126549928596,"K-Fold 5","G-BLUP","2"
"Mean1",0.271270917600229,0.175359836484288,1.46536641882067,1.53399002786994,"Mean","G-BLUP","2"
" SD1",0.0213785924125614,0.0649435399895828,0.0233496025993955,0.06552105251422," SD","G-BLUP","2"
"K-Fold 12",0.464758928930116,0.220002797597484,0.726953251663528,0.883579158675151,"K-Fold 1","G-BLUP","3"
"K-Fold 22",0.416831587715774,0.377774346747368,0.733292839927541,0.876079548068393,"K-Fold 2","G-BLUP","3"
"K-Fold 32",0.465923779941635,0.216722525856283,0.736840289091087,0.840774074472916,"K-Fold 3","G-BLUP","3"
"K-Fold 42",0.419730076200708,0.404310204687123,0.776957474157046,0.68549836311992,"K-Fold 4","G-BLUP","3"
"K-Fold 52",0.417679238996048,0.395086467825184,0.759752692367435,0.778329488060084,"K-Fold 5","G-BLUP","3"
"Mean2",0.436984722356856,0.322779268542689,0.746759309441327,0.812852126479293,"Mean","G-BLUP","3"
" SD2",0.0259106587252193,0.0958007292412302,0.0209330470944505,0.0824476329390616," SD","G-BLUP","3"
"K-Fold 13",0.285443221065953,0.189436411928137,0.93985822730761,0.740467319331199,"K-Fold 1","G-BLUP","4"
"K-Fold 23",0.289221073306759,0.174201994343211,0.87729137196828,0.989613494900504,"K-Fold 2","G-BLUP","4"
"K-Fold 33",0.319989504562562,0.106736671666657,0.856197129263676,1.06920306047053,"K-Fold 3","G-BLUP","4"
"K-Fold 43",0.287747952403356,0.166542896712107,0.908335104331835,0.910137239892909,"K-Fold 4","G-BLUP","4"
"K-Fold 53",0.277820393818382,0.175188286241583,0.886343771304889,1.00867217548993,"K-Fold 5","G-BLUP","4"
"Mean3",0.292044429031403,0.162421252178339,0.893605120835258,0.943618658017015,"Mean","G-BLUP","4"
" SD3",0.0162269638237546,0.0322077722043108,0.0319160841295919,0.126994487148641," SD","G-BLUP","4"
"K-Fold 14",0.388081931340026,0.325096705248572,0.699010756847595,0.658627011704917,"K-Fold 1","G-BLUP","5"
"K-Fold 24",0.387003745646824,0.32327693103162,0.671360344800561,0.783628832132935,"K-Fold 2","G-BLUP","5"
"K-Fold 34",0.432307482242989,0.205523942364543,0.627990113350506,0.912164131529667,"K-Fold 3","G-BLUP","5"
"K-Fold 44",0.395049524824798,0.309702584143444,0.698500940596119,0.647916132237457,"K-Fold 4","G-BLUP","5"
"K-Fold 54",0.388108686109727,0.351242336461919,0.714850255032549,0.585130419340258,"K-Fold 5","G-BLUP","5"
"Mean4",0.398110274032873,0.30296849985002,0.682342482125466,0.717493305389047,"Mean","G-BLUP","5"
" SD4",0.0193827992432754,0.0565093860063572,0.0341704177374632,0.130476813655722," SD","G-BLUP","5"
"K-Fold 15",0.407794890999186,0.214405927144823,0.578331702425561,0.692917581520307,"K-Fold 1","G-BLUP","6"
"K-Fold 25",0.397913717859968,0.272340438308702,0.593238149137334,0.626882426188451,"K-Fold 2","G-BLUP","6"
"K-Fold 35",0.380736447258246,0.316408605197961,0.604835885286168,0.592402015108535,"K-Fold 3","G-BLUP","6"
"K-Fold 45",0.375319207626445,0.350923732364143,0.593772192787807,0.631826042040338,"K-Fold 4","G-BLUP","6"
"K-Fold 55",0.393545033850057,0.280612681036771,0.591697116404494,0.617022052444123,"K-Fold 5","G-BLUP","6"
"Mean5",0.391061859518781,0.28693827681048,0.592375009208273,0.632210023460351,"Mean","G-BLUP","6"
" SD5",0.0131106224772578,0.0511778530629051,0.00942927050687767,0.0371795990179876," SD","G-BLUP","6"
"K-Fold 16",0.328928507979209,0.21606100705813,2.30054120500377,2.41178037628795,"K-Fold 1","G-BLUP","7"
"K-Fold 26",0.353523445963915,0.173693142182227,2.16495424915572,2.81583127619279,"K-Fold 2","G-BLUP","7"
"K-Fold 36",0.343068787245457,0.176842159031494,2.29303144636367,2.3347061256395,"K-Fold 3","G-BLUP","7"
"K-Fold 46",0.319099971627794,0.270061438355348,2.36232183580083,2.12839807182857,"K-Fold 4","G-BLUP","7"
"K-Fold 56",0.343060570892978,0.234038272305781,2.26512636400237,2.26720465067714,"K-Fold 5","G-BLUP","7"
"Mean6",0.337536256741871,0.214139203786596,2.27719502006527,2.39158410012519,"Mean","G-BLUP","7"
" SD6",0.0135157973072559,0.0404781299644534,0.0720868480027703,0.25902016952803," SD","G-BLUP","7"
"K-Fold 17",0.414578201038747,0.292053061753537,0.938710489173204,1.10517035454182,"K-Fold 1","G-BLUP","8"
"K-Fold 27",0.378051725428194,0.430779986715951,1.00621621278831,0.846660220414446,"K-Fold 2","G-BLUP","8"
"K-Fold 37",0.442892521941648,0.189459668777691,0.93276308053643,1.10624566136627,"K-Fold 3","G-BLUP","8"
"K-Fold 47",0.415686268918749,0.295648250175367,0.949621676467996,1.0369404865038,"K-Fold 4","G-BLUP","8"
"K-Fold 57",0.394999281139317,0.395846315743471,0.963747537046183,0.940625729658511,"K-Fold 5","G-BLUP","8"
"Mean7",0.409241599693331,0.320757456633203,0.958211799202425,1.00712849049697,"Mean","G-BLUP","8"
" SD7",0.0243826246432593,0.0954421520063225,0.0293120994658738,0.112358643053004," SD","G-BLUP","8"
"K-Fold 18",0.446810078914993,0.286915777772171,0.76229929193294,0.855106773098982,"K-Fold 1","G-BLUP","9"
"K-Fold 28",0.432187143766118,0.435652400186498,0.759958928408189,0.757051017339018,"K-Fold 2","G-BLUP","9"
"K-Fold 38",0.438287961768152,0.325106358817847,0.764987172972227,0.843880936937988,"K-Fold 3","G-BLUP","9"
"K-Fold 48",0.47153382090853,0.257562974566952,0.731607429511185,0.92439499835183,"K-Fold 4","G-BLUP","9"
"K-Fold 58",0.416009679935618,0.44617833299939,0.806952144029411,0.642395012015569,"K-Fold 5","G-BLUP","9"
"Mean8",0.440965737058682,0.350283168868572,0.76516099337079,0.804565747548678,"Mean","G-BLUP","9"
" SD8",0.0204670653112336,0.0862121230012268,0.0269611894654969,0.10841601101623," SD","G-BLUP","9"
"K-Fold 19",0.536575751305234,0.441272234467492,0.509830317999664,0.581228456452179,"K-Fold 1","G-BLUP","10"
"K-Fold 29",0.536543116800004,0.484277662809418,0.519058063935028,0.528576697718905,"K-Fold 2","G-BLUP","10"
"K-Fold 39",0.523593536749045,0.501803688880682,0.524642971967347,0.511375215016762,"K-Fold 3","G-BLUP","10"
"K-Fold 49",0.539650979436867,0.376694663073396,0.512525121513083,0.604511325619981,"K-Fold 4","G-BLUP","10"
"K-Fold 59",0.544054484559464,0.398172322549569,0.51601544382968,0.552819412534118,"K-Fold 5","G-BLUP","10"
"Mean9",0.536083573770123,0.440444114356111,0.51641438384896,0.555702221468389,"Mean","G-BLUP","10"
" SD9",0.00762751999854876,0.0537074484130146,0.00577352025595415,0.0378909799540953," SD","G-BLUP","10"
"K-Fold 110",0.555727973567435,0.50491974646612,0.431349627492083,0.468276027179329,"K-Fold 1","G-BLUP","11"
"K-Fold 210",0.582684858714761,0.521400918492793,0.409904012951764,0.467311751103431,"K-Fold 2","G-BLUP","11"
"K-Fold 310",0.553306511845938,0.497919245096673,0.434610913376965,0.464405211864743,"K-Fold 3","G-BLUP","11"
"K-Fold 410",0.577774444540687,0.411568855505233,0.429060536011491,0.4593121597275,"K-Fold 4","G-BLUP","11"
"K-Fold 510",0.546033436012852,0.540359029861085,0.452912493854299,0.386823728401273,"K-Fold 5","G-BLUP","11"
"Mean10",0.563105444936335,0.495233559084381,0.43156751673732,0.449225775655255,"Mean","G-BLUP","11"
" SD10",0.0161278691671576,0.0495526401202945,0.0153338688495455,0.0350577399436325," SD","G-BLUP","11"
"K-Fold 111",0.516485661281173,0.441100152793351,0.409122440302001,0.435800355374912,"K-Fold 1","G-BLUP","12"
"K-Fold 211",0.549847364689355,0.352138055524391,0.391086913211092,0.48977640453029,"K-Fold 2","G-BLUP","12"
"K-Fold 311",0.560787951784083,0.314477394511429,0.372789698874976,0.559209425855793,"K-Fold 3","G-BLUP","12"
"K-Fold 411",0.508593509804796,0.516292672913916,0.428314466884731,0.335662196323646,"K-Fold 4","G-BLUP","12"
"K-Fold 511",0.519342780300546,0.483968608523046,0.412727574639793,0.395487033174965,"K-Fold 5","G-BLUP","12"
"Mean11",0.531011453571991,0.421595376853227,0.402808218782519,0.443187083051921,"Mean","G-BLUP","12"
" SD11",0.0228645586756927,0.0859316819074489,0.0213736534547223,0.0859115950781393," SD","G-BLUP","12"
"K-Fold 112",0.519574929199658,0.388599094495294,1.55075495013321,1.70472968515884,"K-Fold 1","G-BLUP","13"
"K-Fold 212",0.540599879591532,0.329554375401348,1.51880924319438,1.78584426170786,"K-Fold 2","G-BLUP","13"
"K-Fold 312",0.516458373545465,0.427474784183392,1.53150891412944,1.72639561660051,"K-Fold 3","G-BLUP","13"
"K-Fold 412",0.522535946723625,0.354815546558652,1.56372183254734,1.64325958230175,"K-Fold 4","G-BLUP","13"
"K-Fold 512",0.532598949514038,0.390668168204759,1.51243120061211,1.7699398249215,"K-Fold 5","G-BLUP","13"
"Mean12",0.526353615714863,0.378222393768689,1.53544522812329,1.72603379413809,"Mean","G-BLUP","13"
" SD12",0.0100050141641068,0.0374326985701115,0.0215397885927077,0.0565919554576646," SD","G-BLUP","13"
"K-Fold 113",0.569131618530494,0.49813912358074,0.675459226634709,0.748273588570717,"K-Fold 1","G-BLUP","14"
"K-Fold 213",0.583467893623691,0.472030714424535,0.664861270232637,0.766771483336263,"K-Fold 2","G-BLUP","14"
"K-Fold 313",0.572245074964745,0.490379260195114,0.679134251519874,0.728877751562991,"K-Fold 3","G-BLUP","14"
"K-Fold 413",0.598570209407163,0.385036953911041,0.670955785066521,0.735730570487476,"K-Fold 4","G-BLUP","14"
"K-Fold 513",0.582123392814506,0.466699076905438,0.662683795535947,0.780415970845407,"K-Fold 5","G-BLUP","14"
"Mean13",0.58110763786812,0.462457025803374,0.670618865797938,0.752013872960571,"Mean","G-BLUP","14"
" SD13",0.011548961322241,0.0451563431823323,0.00693126338363646,0.0214410937706742," SD","G-BLUP","14"
"K-Fold 114",0.654781995792647,0.483713960541471,0.449788299789583,0.559254665078753,"K-Fold 1","G-BLUP","15"
"K-Fold 214",0.631567481177886,0.55292340257611,0.459468021359785,0.54254285026982,"K-Fold 2","G-BLUP","15"
"K-Fold 314",0.63437439368221,0.569568687177027,0.468202522784323,0.490217145346444,"K-Fold 3","G-BLUP","15"
"K-Fold 414",0.631170827999789,0.556919807318297,0.473243024650582,0.476686290327626,"K-Fold 4","G-BLUP","15"
"K-Fold 514",0.637461073163356,0.533133309658089,0.464596224179746,0.515128620710544,"K-Fold 5","G-BLUP","15"
"Mean14",0.637871154363178,0.539251833454199,0.463059618552804,0.516765914346637,"Mean","G-BLUP","15"
" SD14",0.00978522775291864,0.0336900296211018,0.00896576617824037,0.0345819262467602," SD","G-BLUP","15"
"K-Fold 115",0.707404073143973,0.566800854342134,0.356910627008007,0.44319349044474,"K-Fold 1","G-BLUP","16"
"K-Fold 215",0.691948307075154,0.641572575465688,0.369742823712273,0.392389853813746,"K-Fold 2","G-BLUP","16"
"K-Fold 315",0.68837395661032,0.662308289719051,0.367394684766478,0.397720711559861,"K-Fold 3","G-BLUP","16"
"K-Fold 415",0.702861559901712,0.620737165989055,0.368052002839446,0.376758676745007,"K-Fold 4","G-BLUP","16"
"K-Fold 515",0.694909151738483,0.624071254473692,0.364741335401308,0.415587920479734,"K-Fold 5","G-BLUP","16"
"Mean15",0.697099409693928,0.623098027997924,0.365368294745502,0.405130130608618,"Mean","G-BLUP","16"
" SD15",0.00785577945608412,0.0355480172766573,0.00505890973701025,0.0253985150588944," SD","G-BLUP","16"
"K-Fold 116",0.792741346092578,0.565812651808439,0.245967488651427,0.344525855821708,"K-Fold 1","G-BLUP","17"
"K-Fold 216",0.759464520818064,0.714403446082285,0.259358414579536,0.297874706917081,"K-Fold 2","G-BLUP","17"
"K-Fold 316",0.750377565411887,0.745790050172598,0.271590552960221,0.26282056402696,"K-Fold 3","G-BLUP","17"
"K-Fold 416",0.764909433193851,0.664105663673017,0.267034282654386,0.286786154128716,"K-Fold 4","G-BLUP","17"
"K-Fold 516",0.756472453387851,0.684082184678197,0.263810557185958,0.314991002168291,"K-Fold 5","G-BLUP","17"
"Mean16",0.764793063780846,0.674838799282907,0.261552259206306,0.301399656612551,"Mean","G-BLUP","17"
" SD16",0.0164814482575124,0.0683498033755074,0.00979308250545657,0.0306550152592184," SD","G-BLUP","17"
"K-Fold 117",0.79104107972367,0.767260665087581,0.21152370020462,0.216881680180673,"K-Fold 1","G-BLUP","18"
"K-Fold 217",0.82623734359249,0.652637195884385,0.185212281800384,0.303952014933489,"K-Fold 2","G-BLUP","18"
"K-Fold 317",0.80579629643633,0.717372997089771,0.200149061258165,0.252560384181255,"K-Fold 3","G-BLUP","18"
"K-Fold 417",0.793923386752913,0.766978153605009,0.21386336291568,0.198154648176446,"K-Fold 4","G-BLUP","18"
"K-Fold 517",0.793077136037175,0.760092293676583,0.212697019038508,0.207835468628765,"K-Fold 5","G-BLUP","18"
"Mean17",0.802015048508515,0.732868261068666,0.204689085043471,0.235876839220126,"Mean","G-BLUP","18"
" SD17",0.0147207903594707,0.0494079882227004,0.0121959422174697,0.0432512093749622," SD","G-BLUP","18"
