"","R2Trein","R2Val","REQMTrein","REQMVal","nfold","method","variable"
"1",0.727170763781474,0.09860350511139,1.8153817148277,3.98816284228435,"KFold1","MLP",1
"2",0.606445397615961,0.0719653858442656,2.18993136686116,3.35064079543344,"KFold2","MLP",1
"3",0.795030192265754,0.0597056894338898,1.67115049445014,3.28209073995676,"KFold3","MLP",1
"4",0.574210380845723,0.0370938309778784,2.14125782893441,3.93868807083545,"KFold4","MLP",1
"5",0.591949792806679,0.0602578936737263,2.02852609440111,4.08722248624279,"KFold5","MLP",1
"6",0.658961305463118,0.06552526100823,1.9692494998949,3.72936098695056,"Mean","MLP",1
"7",0.0969516049232949,0.0223919864369388,0.220419701167781,0.381556266609626,"SD","MLP",1
"8",0.535796542722801,0.427845852105209,0.520839824248482,0.601776904231977,"KFold1","MLP",10
"9",0.555771371476983,0.444337364394218,0.521197220075863,0.603383869038935,"KFold2","MLP",10
"10",0.530327014598846,0.476214225821147,0.528468248042476,0.54405972858967,"KFold3","MLP",10
"11",0.61558266637708,0.341634051450502,0.465471688184952,0.629868625090024,"KFold4","MLP",10
"12",0.553716918934552,0.373112679095677,0.507195161133895,0.575041601663002,"KFold5","MLP",10
"13",0.558238902822052,0.412628834573351,0.508634428337134,0.590826145722722,"Mean","MLP",10
"14",0.0339027185446902,0.0545020096888571,0.0253242445951236,0.032550654081741,"SD","MLP",10
"15",0.625665148379533,0.466405623692579,0.394636279706298,0.48374902773708,"KFold1","MLP",11
"16",0.608135683764599,0.472093993072795,0.397644133670189,0.490686963994985,"KFold2","MLP",11
"17",0.634134324359797,0.45187100244199,0.391749700366558,0.496986391738777,"KFold3","MLP",11
"18",0.622579827714515,0.389702421007323,0.407059301592288,0.490716025863124,"KFold4","MLP",11
"19",0.625398281795994,0.478317397012023,0.417298853338643,0.462697241650949,"KFold5","MLP",11
"20",0.623182653202888,0.451678087445342,0.401677653734795,0.484967130196983,"Mean","MLP",11
"21",0.00945761044529694,0.0360013290981207,0.0104570371177496,0.0133009459957044,"SD","MLP",11
"22",0.57508048289781,0.417698587349181,0.396357498451578,0.475877450396309,"KFold1","MLP",12
"23",0.608767386775617,0.318131244379102,0.362971597719434,0.509159038842389,"KFold2","MLP",12
"24",0.526048019121121,0.301626767067603,0.387521368188336,0.564407236129712,"KFold3","MLP",12
"25",0.599861057690567,0.469354180557143,0.385408463545724,0.359766796034343,"KFold4","MLP",12
"26",0.609309829778841,0.378563950308931,0.374002097483023,0.439168581366278,"KFold5","MLP",12
"27",0.583813355252791,0.377074945932392,0.381252205077619,0.469675820553806,"Mean","MLP",12
"28",0.0351546574937246,0.0695247117321238,0.0129565759750907,0.0767823403358598,"SD","MLP",12
"29",0.76463496223546,0.269482382681325,1.07321254881258,2.08104909827127,"KFold1","MLP",13
"30",0.595651474058541,0.305307747096143,1.41869713896221,1.95515516214364,"KFold2","MLP",13
"31",0.65212885099082,0.312468777023563,1.32896358155882,1.87611863442618,"KFold3","MLP",13
"32",0.583447148591176,0.327803253809331,1.44296049518183,1.71771127289693,"KFold4","MLP",13
"33",0.617593901120326,0.333999310750147,1.34893331212185,1.90354132950646,"KFold5","MLP",13
"34",0.642691267399265,0.309812294272102,1.32255341532746,1.9067150994489,"Mean","MLP",13
"35",0.0729928391340119,0.0253107487343251,0.147181297532838,0.131726464461484,"SD","MLP",13
"36",0.640129964666463,0.477901305360342,0.626084407733724,0.785699825775091,"KFold1","MLP",14
"37",0.625482115932218,0.411972999106417,0.637615662557969,0.858636721786089,"KFold2","MLP",14
"38",0.641746562028314,0.486525351076449,0.618215567471577,0.738881610503121,"KFold3","MLP",14
"39",0.710592143427532,0.316797312047923,0.567370683651392,0.825149282237162,"KFold4","MLP",14
"40",0.627912882113723,0.412450398452298,0.622053802631263,0.828640205346734,"KFold5","MLP",14
"41",0.64917273363365,0.421129473208686,0.614268024809185,0.807401529129639,"Mean","MLP",14
"42",0.0350802303600595,0.0680882313198086,0.0272043247063053,0.0462521681963049,"SD","MLP",14
"43",0.685053600693272,0.47021953502874,0.43734973719966,0.566174987033397,"KFold1","MLP",15
"44",0.672521204716389,0.538175617429769,0.430876106336764,0.551594246038708,"KFold2","MLP",15
"45",0.676139353416188,0.52406430906163,0.43811204154919,0.531897809734115,"KFold3","MLP",15
"46",0.632493479682304,0.544389123138477,0.47503998321421,0.500075624150747,"KFold4","MLP",15
"47",0.69132650295018,0.448079976516718,0.464129494363289,0.619438006076823,"KFold5","MLP",15
"48",0.671506828291667,0.504985712235067,0.449101472532623,0.553836134606758,"Mean","MLP",15
"49",0.0230264259294959,0.0432005245619631,0.0192982034537584,0.0442503148763977,"SD","MLP",15
"50",0.711386150249281,0.549063680645169,0.41469936010191,0.506404395030813,"KFold1","MLP",16
"51",0.763870098407777,0.619966479255996,0.328339532749757,0.437338298041446,"KFold2","MLP",16
"52",0.656402187505408,0.635920376990619,0.387262520946294,0.416888322145884,"KFold3","MLP",16
"53",0.711838735960404,0.6094691644839,0.360823170502369,0.390427884143169,"KFold4","MLP",16
"54",0.681234826549473,0.61057486903474,0.422417580409038,0.463940069396244,"KFold5","MLP",16
"55",0.704946399734469,0.604998914082085,0.382708432941874,0.442999793751511,"Mean","MLP",16
"56",0.0402484664134384,0.0330151087669356,0.0389098880454122,0.0445429729879442,"SD","MLP",16
"57",0.795317022683341,0.518419280020293,0.344678838850264,0.487094094804826,"KFold1","MLP",17
"58",0.822247758661046,0.64826676905426,0.222903130653703,0.333734928270552,"KFold2","MLP",17
"59",0.748595488575154,0.736110844025745,0.291111841240217,0.29294347829157,"KFold3","MLP",17
"60",0.787106489279821,0.654270317544481,0.267179489141212,0.290630292488974,"KFold4","MLP",17
"61",0.705816525471876,0.668556721977159,0.347758721091382,0.36070277452904,"KFold5","MLP",17
"62",0.771816656934248,0.645124786524388,0.294726404195356,0.353021113676992,"Mean","MLP",17
"63",0.0453447411446117,0.079017903713367,0.0530050765962785,0.0804805348694657,"SD","MLP",17
"64",0.776903334768496,0.748703172137837,0.218700102522535,0.2252961196608,"KFold1","MLP",18
"65",0.822874425236205,0.645485589684395,0.279221137151556,0.394489789638319,"KFold2","MLP",18
"66",0.817231644978927,0.698288989049299,0.198371702395833,0.269446617967615,"KFold3","MLP",18
"67",0.802827728909255,0.756578297110675,0.211409060503234,0.211872864206372,"KFold4","MLP",18
"68",0.821619289964988,0.749782282023667,0.197246325994375,0.216705554810973,"KFold5","MLP",18
"69",0.808291284771574,0.719767666001175,0.220989665713506,0.263562189256816,"Mean","MLP",18
"70",0.0192697145602914,0.0476243731679933,0.0337759263651592,0.0766620597835071,"SD","MLP",18
"71",0.585905464535151,0.0813892688984977,1.12984073233027,1.73678824116097,"KFold1","MLP",2
"72",0.821966986232456,0.0490227587346275,0.730576134358746,1.97204655303631,"KFold2","MLP",2
"73",0.584356380798383,0.14657233033179,1.10363990368118,1.63229910087401,"KFold3","MLP",2
"74",0.599638161788015,0.0832828530974424,1.12018562021998,1.64106371008634,"KFold4","MLP",2
"75",0.567920280958957,0.0608012133376132,1.11728946193881,1.87512284138923,"KFold5","MLP",2
"76",0.631957454862592,0.0842136848799942,1.0403063705058,1.77146408930937,"Mean","MLP",2
"77",0.106812413163201,0.0376961189737027,0.173397987630326,0.148788464766306,"SD","MLP",2
"78",0.575151421691562,0.186590824831404,0.645187180527961,0.973123999963607,"KFold1","MLP",3
"79",0.540779575916768,0.324759207042044,0.648802679805033,0.904728939858262,"KFold2","MLP",3
"80",0.576059156412759,0.227154924998952,0.653216580248695,0.87309736177906,"KFold3","MLP",3
"81",0.568029557525051,0.371576593622131,0.66531036448807,0.754106198022793,"KFold4","MLP",3
"82",0.6536644061539,0.278455752050097,0.584787729795014,0.862677043715876,"KFold5","MLP",3
"83",0.582736823540008,0.277707460508926,0.639460906972954,0.87354670866792,"Mean","MLP",3
"84",0.0421591207115016,0.0739656019497399,0.0314905868169288,0.0794864070073603,"SD","MLP",3
"85",0.847313223275352,0.041991942853872,0.440550005353622,1.18838705834644,"KFold1","MLP",4
"86",0.739303194079148,0.0917226211407533,0.540739138882591,1.28145593552345,"KFold2","MLP",4
"87",0.761127186856512,0.0486023880966747,0.601630459147446,1.57762007664529,"KFold3","MLP",4
"88",0.638850842281821,0.0533148681183842,0.662250867264483,1.06825356918319,"KFold4","MLP",4
"89",0.588196788917876,0.113801664831173,0.678174689166417,1.21081682908556,"KFold5","MLP",4
"90",0.714958247082142,0.0698866970081715,0.584669031962912,1.26530669375678,"Mean","MLP",4
"91",0.102594945670648,0.0312693804285453,0.0971468842099599,0.190732900091115,"SD","MLP",4
"92",0.463934497503924,0.29029755544574,0.653691168135471,0.681459826447153,"KFold1","MLP",5
"93",0.43765122311613,0.307506013115007,0.638340586331477,0.792147102836548,"KFold2","MLP",5
"94",0.60177367478531,0.172143823893662,0.526282162793256,0.951813291200525,"KFold3","MLP",5
"95",0.492330390727681,0.254759967316489,0.648102534636266,0.673635263952136,"KFold4","MLP",5
"96",0.475639476914077,0.284729798685347,0.661964013561731,0.668395346762178,"KFold5","MLP",5
"97",0.494265852609424,0.261887431691249,0.62567609309164,0.753490166239708,"Mean","MLP",5
"98",0.0633123745575083,0.0536532378372804,0.0562230950128405,0.122099062458704,"SD","MLP",5
"99",0.641592068705376,0.0911462371929037,0.459345018465324,0.790758789486871,"KFold1","MLP",6
"100",0.683261419620974,0.114470319227296,0.431200210191325,0.77560828306359,"KFold2","MLP",6
"101",0.732638636967642,0.114464983464666,0.397965739823879,0.824655155909825,"KFold3","MLP",6
"102",0.800681094234226,0.136649363182015,0.338363575672727,0.808819490200626,"KFold4","MLP",6
"103",0.65069773228977,0.164119003273206,0.450051754701129,0.730440483706272,"KFold5","MLP",6
"104",0.701774190363598,0.124169981268017,0.415385259770876,0.786056440473437,"Mean","MLP",6
"105",0.0657810852651981,0.0275249769797011,0.049041101151288,0.0361677618634813,"SD","MLP",6
"106",0.465545933051887,0.17109971630202,2.02245780288263,2.58090449889647,"KFold1","MLP",7
"107",0.609342935711513,0.0881325684151441,1.68209076132146,3.14497253608012,"KFold2","MLP",7
"108",0.452608023047073,0.138592275441554,2.08185974623097,2.63180389472033,"KFold3","MLP",7
"109",0.580348530089229,0.202121012536291,1.85546353847798,2.63607820728165,"KFold4","MLP",7
"110",0.458968455988807,0.242017142372021,2.02424669376749,2.36111126275864,"KFold5","MLP",7
"111",0.513362775577702,0.168392543013406,1.93322370853611,2.67097407994744,"Mean","MLP",7
"112",0.0752256851655838,0.0589390353334591,0.163901632359235,0.28790365431116,"SD","MLP",7
"113",0.538879612250449,0.246318685531976,0.833509493645352,1.14221734362596,"KFold1","MLP",8
"114",0.657108976508032,0.362899712854631,0.743859780800074,0.983806217225368,"KFold2","MLP",8
"115",0.556683693866377,0.179737959741989,0.86050460058869,1.29460723329682,"KFold3","MLP",8
"116",0.536772329375443,0.266588779787071,0.843543921143355,1.06378398979892,"KFold4","MLP",8
"117",0.695113320022765,0.240816420336299,0.68636272993631,1.08161650297177,"KFold5","MLP",8
"118",0.596911586404613,0.259272311650393,0.793556105222756,1.11320625738377,"Mean","MLP",8
"119",0.0739425957401952,0.066382035359053,0.0750621415647499,0.116117182941625,"SD","MLP",8
"120",0.518420640661361,0.276223179641933,0.707488678307297,0.896537468494342,"KFold1","MLP",9
"121",0.661038401625154,0.293773815895048,0.597859557135658,0.864632914664495,"KFold2","MLP",9
"122",0.538735472228393,0.254490633669066,0.694306900994501,0.897019197623492,"KFold3","MLP",9
"123",0.551783355100315,0.190289499337385,0.683297237613506,1.03455467324561,"KFold4","MLP",9
"124",0.521746902239881,0.39493876722143,0.724951986557567,0.701717430068873,"KFold5","MLP",9
"125",0.558344954371021,0.281943179152973,0.681580872121706,0.878892336819362,"Mean","MLP",9
"126",0.0589637573616409,0.0743214715952767,0.0493113179024968,0.118811800169799,"SD","MLP",9
