"ngenes","herd","method","R2.mean","REQM.mean","R2.sd","REQM.sd","family"
"8","30 %","BA",16.3067321648761,268.286813204518,8.66311895262541,115.300180149481,"TREE"
"8","30 %","BO",10.3431714968436,282.381821541082,5.20992057655481,121.679221594164,"TREE"
"8","30 %","DT",8.77957626240375,286.329698699514,4.56788075800535,123.829454899351,"TREE"
"8","30 %","G-BLUP",12.0669387644894,260.926077842689,6.32892420252862,112.326137942166,"G-BLUP"
"8","30 %","MARS 1",15.3456901878653,337.88334964342,7.91466209340886,49.6828006709299,"MARS"
"8","30 %","MARS 2",11.6248617459398,337.88334964342,5.33056277714945,49.6828006709299,"MARS"
"8","30 %","MARS 3",11.4535842201468,337.88334964342,5.58081266848263,49.6828006709299,"MARS"
"8","30 %","MLP",6.552526100823,372.936098695056,2.23919864369388,38.1556266609626,"NETWORK"
"8","30 %","RBF",14.7033698014951,299.547175161288,8.05566988759512,56.4701899835028,"NETWORK"
"8","30 %","RF",16.5110909001711,267.612289955189,8.76409091906775,115.008148527787,"TREE"
"8","50 %","BA",33.4025546020269,188.226412829879,14.8829388741856,82.786976289936,"TREE"
"8","50 %","BO",30.12297422438,196.682880995542,12.9465259846201,86.2893290472038,"TREE"
"8","50 %","DT",27.7402745073912,199.359975724281,12.6381639466645,89.5543439669617,"TREE"
"8","50 %","G-BLUP",18.5195691482906,203.6156778359,7.96061846289509,90.0913228299595,"G-BLUP"
"8","50 %","MARS 1",39.1242320558786,245.388009158941,6.98554560689286,26.7759883177755,"MARS"
"8","50 %","MARS 2",43.2079020857055,245.388009158941,3.89207050064274,26.7759883177755,"MARS"
"8","50 %","MARS 3",42.9695958773571,245.388009158941,3.8164090016065,26.7759883177755,"MARS"
"8","50 %","MLP",16.8392543013406,267.097407994744,5.89390353334591,28.7903654311158,"NETWORK"
"8","50 %","RBF",22.4812955019086,237.828070260405,4.98956955934541,27.6823506808378,"NETWORK"
"8","50 %","RF",33.9758369929257,187.771011878669,15.1266050889842,82.4999637191394,"TREE"
"8","80 %","BA",57.7669836985933,107.5069392248,27.0527819512763,48.1402909943982,"TREE"
"8","80 %","BO",56.4962680924079,110.085511705976,26.1096486787764,49.1290577805791,"TREE"
"8","80 %","DT",50.2003236934616,121.41950303603,22.8133133352058,54.3650415070306,"TREE"
"8","80 %","G-BLUP",32.1424111235593,144.779348769135,14.309868947705,68.3423827743418,"G-BLUP"
"8","80 %","MARS 1",59.9261420238628,153.701143891128,4.7749724437174,12.4113134704692,"MARS"
"8","80 %","MARS 2",78.5674861271446,153.485991899415,4.82890917351525,12.8922605055608,"MARS"
"8","80 %","MARS 3",77.6239498786341,153.485991899415,5.63897263813228,12.8922605055608,"MARS"
"8","80 %","MLP",30.9812294272102,190.67150994489,2.53107487343252,13.1726464461483,"NETWORK"
"8","80 %","RBF",40.5423608057511,168.991811813052,1.80926279769939,7.30020487050146,"NETWORK"
"8","80 %","RF",57.4256087215749,108.399425115121,26.7470506121622,48.4513248585595,"TREE"
"40","30 %","BA",20.2156751094909,155.897362951854,4.76526274135312,5.21368484167011,"TREE"
"40","30 %","BO",14.7349538754245,163.390000750423,4.84337616127868,9.09560672764908,"TREE"
"40","30 %","DT",2.16747359045701,184.967023361142,2.1499551160095,8.61157405398483,"TREE"
"40","30 %","G-BLUP",17.5359836484288,153.399002786995,6.49435399895825,6.55210525142214,"G-BLUP"
"40","30 %","MARS 1",6.31141925698747,171.221070235848,0.740963133584839,4.01095728662173,"MARS"
"40","30 %","MARS 2",4.50548069711687,171.221070235848,1.16371431186575,4.01095728662173,"MARS"
"40","30 %","MARS 3",4.95043101664273,171.221070235848,1.76342910589891,4.01095728662173,"MARS"
"40","30 %","MLP",8.42136848799942,177.146408930937,3.76961189737026,14.8788464766307,"NETWORK"
"40","30 %","RBF",21.7550557361568,149.351181047297,5.89592691606972,7.2991675801704,"NETWORK"
"40","30 %","RF",19.7719166179317,156.185566063354,5.56777870309757,5.94046846153725,"TREE"
"40","50 %","BA",31.6547367798801,107.559205841672,11.4636435650929,11.1634255631831,"TREE"
"40","50 %","BO",28.2111277369249,108.962539436553,8.66802495216948,12.2706521989899,"TREE"
"40","50 %","DT",7.06990713931374,128.488847456693,2.20148033022525,4.18385061976909,"TREE"
"40","50 %","G-BLUP",32.0757456633203,100.712849049697,9.54421520063226,11.2358643053004,"G-BLUP"
"40","50 %","MARS 1",16.0359556186941,125.278075393538,4.56353186826243,7.41770033739218,"MARS"
"40","50 %","MARS 2",15.2997234830799,125.278075393538,4.27577024226062,7.41770033739218,"MARS"
"40","50 %","MARS 3",16.1338008501871,125.278075393538,4.372330630965,7.41770033739218,"MARS"
"40","50 %","MLP",25.9272311650393,111.320625738377,6.63820353590532,11.6117182941623,"NETWORK"
"40","50 %","RBF",33.4935093281958,99.2247500787537,9.84909026507944,11.4923245958555,"NETWORK"
"40","50 %","RF",31.6769898665656,107.645571790875,11.2185349848247,11.1337600237436,"TREE"
"40","80 %","BA",48.7289070825044,79.7683976914372,4.26642747219995,4.39531068084991,"TREE"
"40","80 %","BO",49.3428147705391,73.6153341948768,4.06248177800641,3.09367799390354,"TREE"
"40","80 %","DT",10.6410957714814,103.725870544674,6.2771330888558,9.04957741617179,"TREE"
"40","80 %","G-BLUP",46.2457025803374,75.2013872960571,4.51563431823323,2.14410937706743,"G-BLUP"
"40","80 %","MARS 1",23.4833372634652,99.5779889416121,6.61052993959619,5.37098566969314,"MARS"
"40","80 %","MARS 2",35.8782974064136,99.5779889416121,7.06972934207539,5.37098566969314,"MARS"
"40","80 %","MARS 3",33.3635050876486,99.5779889416121,9.60343707806305,5.37098566969314,"MARS"
"40","80 %","MLP",42.1129473208686,80.7401529129639,6.80882313198087,4.62521681963051,"NETWORK"
"40","80 %","RBF",51.7821101654221,71.4079313403939,5.27901553577683,2.04021970347779,"NETWORK"
"40","80 %","RF",48.6636465451463,79.7605836248759,4.79952104610701,4.43766690866091,"TREE"
"80","30 %","BA",30.0592114050616,71.1743626108813,13.7595813630863,31.3312587783168,"TREE"
"80","30 %","BO",24.9047620931526,72.4333519940907,10.7297227898536,32.422995633976,"TREE"
"80","30 %","DT",11.0703041787286,84.8121511744033,6.65970458305108,37.0652144603547,"TREE"
"80","30 %","G-BLUP",28.4949511992445,69.1118044222588,12.6209217818768,30.716967695249,"G-BLUP"
"80","30 %","MARS 1",21.5869476672987,98.5446577983041,5.62463647607105,9.65567759368964,"MARS"
"80","30 %","MARS 2",22.7291395475595,98.4501186726107,4.67303950834351,9.57942684795555,"MARS"
"80","30 %","MARS 3",23.0149484847051,98.4501186726107,4.30942314228718,9.57942684795555,"MARS"
"80","30 %","MLP",27.7707460508926,87.354670866792,7.39656019497398,7.94864070073603,"NETWORK"
"80","30 %","RBF",33.6517153310979,79.8665164254372,9.31513956334572,8.20386527143539,"NETWORK"
"80","30 %","RF",29.7169642394128,71.2627203954318,13.5146381654373,31.4369317105186,"TREE"
"80","50 %","BA",31.0149557945454,74.3641366752672,13.4013882949831,32.6234935838216,"TREE"
"80","50 %","BO",28.3731659647825,74.949162313175,12.4020976848203,32.9272409535613,"TREE"
"80","50 %","DT",4.98703497184328,91.9205457992499,3.34627499455181,41.0556336570862,"TREE"
"80","50 %","G-BLUP",30.6271327890681,68.8540791459936,13.2545377133576,30.0289806300685,"G-BLUP"
"80","50 %","MARS 1",17.7991217599325,102.868210004712,5.42658139751521,8.39535979917556,"MARS"
"80","50 %","MARS 2",20.5153013470053,102.868210004712,4.90589792928221,8.39535979917556,"MARS"
"80","50 %","MARS 3",20.7754458533477,102.868210004712,4.49510190360022,8.39535979917556,"MARS"
"80","50 %","MLP",28.1943179152972,87.8892336819362,7.43214715952765,11.8811800169799,"NETWORK"
"80","50 %","RBF",39.2929343272835,78.0477482772271,9.33169977413324,10.9651959900126,"NETWORK"
"80","50 %","RF",31.2759993335942,74.2437044287156,13.5083386982176,32.5719943526841,"TREE"
"80","80 %","BA",43.4420841637101,49.2074994608029,19.4031348998176,22.3864183268749,"TREE"
"80","80 %","BO",45.5294585223467,44.0638593849747,21.188165310016,20.1356639003432,"TREE"
"80","80 %","DT",7.60183133392049,66.4171625299014,3.90890110681442,30.9843236479853,"TREE"
"80","80 %","G-BLUP",45.4991532815349,43.6401916329991,20.8582846991771,19.9266055216803,"G-BLUP"
"80","80 %","MARS 1",29.8590533746981,71.016606784839,4.97681958024548,5.12932778280339,"MARS"
"80","80 %","MARS 2",37.6673596669328,71.016606784839,5.1247350765389,5.12932778280339,"MARS"
"80","80 %","MARS 3",38.4078915288102,71.016606784839,4.80362682314305,5.12932778280339,"MARS"
"80","80 %","MLP",50.4985712235067,55.3836134606758,4.32005245619632,4.42503148763976,"NETWORK"
"80","80 %","RBF",52.8749514538374,52.5498996587846,6.02787231742288,4.36958966077883,"NETWORK"
"80","80 %","RF",44.0783249391668,49.0250238578202,19.6620370478383,22.3108593850451,"TREE"
"120","30 %","BA",15.8946394471408,97.6594305025329,4.1173141808247,13.0106773374898,"TREE"
"120","30 %","BO",14.2184736998994,100.659089235351,4.35366465424107,12.1039693859981,"TREE"
"120","30 %","DT",3.55136135259579,113.297030877218,2.93389863720635,12.8028673720377,"TREE"
"120","30 %","G-BLUP",16.2421252178339,94.3618658017014,3.22077722043107,12.699448714864,"G-BLUP"
"120","30 %","MARS 1",8.29224940358642,105.618974470067,2.16305895083173,13.7124819659053,"MARS"
"120","30 %","MARS 2",7.0821097517667,105.618974470067,4.5122113509086,13.7124819659053,"MARS"
"120","30 %","MARS 3",6.9748931793986,105.618974470067,2.9562589524029,13.7124819659053,"MARS"
"120","30 %","MLP",6.98866970081714,126.530669375679,3.12693804285452,19.0732900091113,"NETWORK"
"120","30 %","RBF",19.9333762043639,92.1917085425,5.23388660269659,13.1828195854607,"NETWORK"
"120","30 %","RF",15.8109140053626,97.7004273721999,4.31895015675629,12.9380116684757,"TREE"
"120","50 %","BA",40.6499604476799,62.0527404112412,6.34273905585537,3.45883105447233,"TREE"
"120","50 %","BO",38.2068747990937,61.8856839699307,4.0649211976755,3.55923827042649,"TREE"
"120","50 %","DT",6.32265314321311,79.8980712873774,2.42004171284223,4.32043281760489,"TREE"
"120","50 %","G-BLUP",44.0444114356111,55.5702221468389,5.37074484130147,3.78909799540951,"G-BLUP"
"120","50 %","MARS 1",22.418999700189,75.5299449565189,5.34369045943899,2.45472973821143,"MARS"
"120","50 %","MARS 2",26.4179434939151,75.5299449565189,4.45531091332889,2.45472973821143,"MARS"
"120","50 %","MARS 3",25.5983454518522,75.5299449565189,4.68651223876818,2.45472973821143,"MARS"
"120","50 %","MLP",41.2628834573351,59.0826145722722,5.4502009688857,3.2550654081741,"NETWORK"
"120","50 %","RBF",44.5395427071716,55.8094678534522,5.2844823717635,4.06582185571342,"NETWORK"
"120","50 %","RF",40.5581979492135,62.0694512812821,6.73415298548707,3.62461904882131,"TREE"
"120","80 %","BA",58.9905441274383,47.9811565912633,3.69280375897324,2.11716025714605,"TREE"
"120","80 %","BO",60.365957551995,42.2056801444405,4.19843066728015,2.75167421425393,"TREE"
"120","80 %","DT",15.4308829575034,64.4255354319203,5.44912440675671,2.65106218263059,"TREE"
"120","80 %","G-BLUP",62.3098027997924,40.5130130608618,3.55480172766575,2.53985150588945,"G-BLUP"
"120","80 %","MARS 1",35.0252670825951,60.9487786274997,3.84949716566329,2.72956418477773,"MARS"
"120","80 %","MARS 2",48.1458243438447,61.0015273586698,4.75218276468641,2.65422536972485,"MARS"
"120","80 %","MARS 3",48.6260022732017,61.0015273586698,3.54430339503864,2.65422536972485,"MARS"
"120","80 %","MLP",60.4998914082085,44.2999793751511,3.30151087669357,4.45429729879442,"NETWORK"
"120","80 %","RBF",61.2749466556785,41.9774601670111,3.48946051282327,2.675313099184,"NETWORK"
"120","80 %","RF",59.2934646494568,47.8365388529802,3.84849977169987,2.23568472407406,"TREE"
"240","30 %","BA",23.5557927908408,66.2437078478891,10.1541482204448,28.5081608880647,"TREE"
"240","30 %","BO",19.285806329066,68.7055962648099,8.28660557101486,29.7635060756871,"TREE"
"240","30 %","DT",4.80408231870312,78.6292072949427,3.79801256774648,33.9521913225179,"TREE"
"240","30 %","G-BLUP",26.1891980876076,61.9657223433493,11.2598095150642,26.6553470650606,"G-BLUP"
"240","30 %","MARS 1",13.7969063028689,88.0798557180066,1.97090221919865,13.5448985211075,"MARS"
"240","30 %","MARS 2",12.7742154720093,88.0711590413698,2.1173070780881,13.5219198441252,"MARS"
"240","30 %","MARS 3",13.2708066962784,88.0711590413698,2.39050466501664,13.5219198441252,"MARS"
"240","30 %","MLP",26.1887431691249,75.3490166239708,5.36532378372806,12.2099062458704,"NETWORK"
"240","30 %","RBF",31.3813252488975,71.4119571467861,7.2041470541185,13.8932324217338,"NETWORK"
"240","30 %","RF",23.5005063514716,66.2491280861438,10.1139701205919,28.5073253852492,"TREE"
"240","50 %","BA",39.6420835091838,45.2040891392358,17.2902769336974,19.7845678342788,"TREE"
"240","50 %","BO",37.4438697509885,44.4486114373751,16.5074970578876,19.538161201473,"TREE"
"240","50 %","DT",8.19267609177562,56.5749653995755,3.57433683390244,25.2923703816224,"TREE"
"240","50 %","G-BLUP",42.09534059237,38.0197769703318,18.7268839468179,17.1966362228688,"G-BLUP"
"240","50 %","MARS 1",25.0308175554462,64.1526853642596,4.75448194891146,4.84106129284968,"MARS"
"240","50 %","MARS 2",30.093202480772,64.1526853642596,5.05041429302931,4.84106129284968,"MARS"
"240","50 %","MARS 3",29.3485877619992,64.1526853642596,5.54720395590853,4.84106129284968,"MARS"
"240","50 %","MLP",45.1678087445342,48.4967130196983,3.60013290981206,1.33009459957045,"NETWORK"
"240","50 %","RBF",51.5837500347877,44.0049294364023,7.05826120815501,4.42841899291822,"NETWORK"
"240","50 %","RF",40.5518789012037,45.1830951990288,17.6181880554256,19.7653145995989,"TREE"
"240","80 %","BA",53.6920075964601,32.4515848695861,24.3273173406727,14.5912179148468,"TREE"
"240","80 %","BO",56.8287797080754,27.069612084882,25.2361564314097,11.8384869711716,"TREE"
"240","80 %","DT",11.1629932298615,45.4956894698457,5.58222643146512,21.4436095993922,"TREE"
"240","80 %","G-BLUP",57.3757299965007,25.6275549720329,25.5033671352047,11.3881052442267,"G-BLUP"
"240","80 %","MARS 1",33.3059515243296,49.7938399968583,5.34950041493935,3.85205874321912,"MARS"
"240","80 %","MARS 2",53.7382591866683,49.8357049950687,5.83046452527141,3.82738303671499,"MARS"
"240","80 %","MARS 3",54.0512960319556,49.8357049950687,6.58105686573921,3.82738303671499,"MARS"
"240","80 %","MLP",64.5124786524388,35.3021113676992,7.90179037133671,8.04805348694654,"NETWORK"
"240","80 %","RBF",66.5985907664436,31.5116906078435,5.67005410427411,2.23245441212092,"NETWORK"
"240","80 %","RF",54.2272020015845,32.2953470768666,24.7623355462291,14.5500918935613,"TREE"
"480","30 %","BA",25.3343173460675,66.6048885461845,2.43841999178779,3.87764055353696,"TREE"
"480","30 %","BO",21.5406754308716,69.0984524598829,6.26002701538034,3.71104609833815,"TREE"
"480","30 %","DT",5.6643701571161,78.654792753833,3.42384905018181,1.70502134924818,"TREE"
"480","30 %","G-BLUP",28.693827681048,63.2210023460351,5.11778530629051,3.71795990179878,"G-BLUP"
"480","30 %","MARS 1",16.4130766259856,75.0144296297046,5.95035054757543,2.7238503522412,"MARS"
"480","30 %","MARS 2",14.8662930196801,75.1696892539293,4.30321991679312,3.05290118264872,"MARS"
"480","30 %","MARS 3",14.3747523219377,75.1696892539293,3.6648945079826,3.05290118264872,"MARS"
"480","30 %","MLP",12.4169981268017,78.6056440473437,2.75249769797012,3.61677618634814,"NETWORK"
"480","30 %","RBF",30.0832122626565,62.5003803673919,4.2712462468552,3.40482065455801,"NETWORK"
"480","30 %","RF",24.7608081865154,66.793603606434,3.68610244405058,4.2619926164094,"TREE"
"480","50 %","BA",41.2442796013013,46.7166868898696,9.21023435364774,8.06274243151106,"TREE"
"480","50 %","BO",39.0315879657088,46.4454546346203,6.59257834127095,7.24910556241538,"TREE"
"480","50 %","DT",8.35234887216681,60.4904855673306,4.47604112379031,8.00429923192915,"TREE"
"480","50 %","G-BLUP",42.1595376853227,44.3187083051921,8.59316819074491,8.59115950781394,"G-BLUP"
"480","50 %","MARS 1",22.0631474884654,57.7265716548332,5.01472426528718,7.22517870990877,"MARS"
"480","50 %","MARS 2",26.3373242958237,57.6402725117764,3.11630585339858,7.27012223800718,"MARS"
"480","50 %","MARS 3",25.785014750266,57.6402725117764,1.98562244232415,7.27012223800718,"MARS"
"480","50 %","MLP",37.7074945932392,46.9675820553806,6.95247117321237,7.67823403358599,"NETWORK"
"480","50 %","RBF",46.6197495231915,42.5735324756773,8.57582357701202,8.48564460775665,"NETWORK"
"480","50 %","RF",41.1559879360494,46.7900465539812,9.06405091973239,8.10238629915667,"TREE"
"480","80 %","BA",68.2266838992626,31.1947548945301,3.96313629745104,4.21298255545838,"TREE"
"480","80 %","BO",71.4402310718931,24.9851059872819,4.90636674764102,4.26274474638674,"TREE"
"480","80 %","DT",17.1028643907879,43.6677837170766,4.69532458837593,3.705570520198,"TREE"
"480","80 %","G-BLUP",73.2868261068666,23.5876839220126,4.94079882227006,4.32512093749623,"G-BLUP"
"480","80 %","MARS 1",43.7403452811787,38.5231180204919,5.03072146746696,4.76405683058354,"MARS"
"480","80 %","MARS 2",60.5981783179321,38.5459890755526,4.15161656448495,4.73293411812055,"MARS"
"480","80 %","MARS 3",60.8647420222111,38.5459890755526,3.93598490243136,4.73293411812055,"MARS"
"480","80 %","MLP",71.9767666001175,26.3562189256816,4.76243731679933,7.6662059783507,"NETWORK"
"480","80 %","RBF",62.8161883188348,28.2369535612811,6.81001401787591,4.6039541001911,"NETWORK"
"480","80 %","RF",68.8350521773719,31.1493189931475,4.42305190379249,4.20578741470315,"TREE"
